{
    "config": {
        "lr": 0.0020209633016723912,
        "n_neurons": 128,
        "n_hidden_layers": 2,
        "dropout_rate": 0.027777393621579972,
        "batch_size": 32,
        "max_epochs": 1000
    },
    "checkpoint_path": "/Users/8cf/Downloads/Conditional-Generative-Model/checkpoints/checkpoint_11.pt",
    "final_train_loss": 0.0016608180599287153,
    "final_val_loss": 0.0010806417791172861,
    "train_loss_history": [
        0.03313897039927542,
        0.0077192504608538,
        0.005525469457730651,
        0.00460449652466923,
        0.004009061558754183,
        0.0033127720492193476,
        0.0029712239532964303,
        0.0026765827416675167,
        0.0024713453424628825,
        0.002258608433767222,
        0.002172235787846148,
        0.0020421112462645397,
        0.0019257841957733034,
        0.0017998260165331885,
        0.0016608180599287153
    ],
    "val_loss_history": [
        0.0051127567476360125,
        0.0030573091516271234,
        0.0030811446849256753,
        0.001758621495682746,
        0.0012844641506671904,
        0.0009556718885432929,
        0.0008644838340114802,
        0.0009608923131600022,
        0.0011006623625289648,
        0.0007455192538909614,
        0.0013588311532512307,
        0.00043398442771285775,
        0.0007508855403866619,
        0.0004754098739940673,
        0.0010806417791172861
    ]
}